ปี,สังกัด,หน่วยงาน,เดือน,คนเฉลี่ย,วันทำงาน,โฟมบรรจุอาหาร (ใบ),ขยะที่เกิดขึ้น (กก.),ใช้ประโยชน์ (กก.),ขยะที่ส่งกำจัด (กก.),ร้อยละส่งกำจัดลดลง
2568,ส่วนกลาง,สำนักบริหารงานกลาง,มกราคม,389,22,0,342.29,166.79,104.36,96.41
2568,ส่วนกลาง,สำนักบริหารงานกลาง,กุมภาพันธ์,389,20,0,401.65,243.1,169.32,93.6
2568,ส่วนกลาง,สำนักบริหารงานกลาง,มีนาคม,386,21,0,395.32,197.32,168.31,93.89
2568,ส่วนกลาง,สำนักบริหารงานกลาง,เมษายน,386,18,0,301.34,112.31,106.11,95.51
2568,ส่วนกลาง,สำนักบริหารงานกลาง,พฤษภาคม,384,20,0,382.47,187.36,113.11,95.67
2568,ส่วนกลาง,สำนักบริหารงานกลาง,มิถุนายน,384,20,0,321.21,169.32,98.31,96.24
2568,ส่วนกลาง,สำนักบริหารงานกลาง,กรกฎาคม,388,20,0,334.25,143.14,99.24,96.24
2568,ส่วนกลาง,สำนักบริหารงานกลาง,สิงหาคม,392,21,0,400.43,256.64,103.36,96.31
2568,ส่วนกลาง,สำนักบริหารงานกลาง,กันยายน,388,22,0,978.21,197.97,83.64,96.98
2568,ส่วนกลาง,สำนักบริหารงานกลาง,ตุลาคม,388,21,0,397.32,148.66,98.32,96.45
2568,ส่วนกลาง,สำนักบริหารงานกลาง,พฤศจิกายน,388,20,0,329.77,115.36,91.64,96.53
2568,ส่วนกลาง,สำนักบริหารงานกลาง,ธันวาคม,388,20,0,410.41,264.32,89.32,96.61
2568,ส่วนกลาง,ศูนย์เทคโนโลยีสารสนเทศและการสื่อสาร,มกราคม,72,22,0,41.38,11.95,9.63,98.21
2568,ส่วนกลาง,ศูนย์เทคโนโลยีสารสนเทศและการสื่อสาร,กุมภาพันธ์,74,20,0,36.53,10.55,8.39,98.33
2568,ส่วนกลาง,ศูนย์เทคโนโลยีสารสนเทศและการสื่อสาร,มีนาคม,74,21,0,52.04,10.82,9.77,98.15
2568,ส่วนกลาง,ศูนย์เทคโนโลยีสารสนเทศและการสื่อสาร,เมษายน,74,18,0,34.59,10.58,8.55,98.11
2568,ส่วนกลาง,ศูนย์เทคโนโลยีสารสนเทศและการสื่อสาร,พฤษภาคม,74,20,0,39.01,11.05,9.94,98.02
2568,ส่วนกลาง,ศูนย์เทคโนโลยีสารสนเทศและการสื่อสาร,มิถุนายน,75,20,0,32.16,9.11,8.24,98.38
2568,ส่วนกลาง,ศูนย์เทคโนโลยีสารสนเทศและการสื่อสาร,กรกฎาคม,76,20,0,36.73,12.63,8.37,98.38
2568,ส่วนกลาง,ศูนย์เทคโนโลยีสารสนเทศและการสื่อสาร,สิงหาคม,76,21,0,35.95,11.17,6.96,98.72
2568,ส่วนกลาง,ศูนย์เทคโนโลยีสารสนเทศและการสื่อสาร,กันยายน,78,22,0,39.68,17.98,25.95,95.55
2568,ส่วนกลาง,ศูนย์เทคโนโลยีสารสนเทศและการสื่อสาร,ตุลาคม,78,21,0,43.82,15.28,29.68,94.67
2568,ส่วนกลาง,ศูนย์เทคโนโลยีสารสนเทศและการสื่อสาร,พฤศจิกายน,72,20,0,38.6,13.21,8.26,98.31
2568,ส่วนกลาง,ศูนย์เทคโนโลยีสารสนเทศและการสื่อสาร,ธันวาคม,72,20,0,40.88,12.12,28.76,94.13
2568,ส่วนกลาง,สำนักอุทยานแห่งชาติ,มกราคม,312,22,0,691.3,21.2,670.1,71.29
2568,ส่วนกลาง,สำนักอุทยานแห่งชาติ,กุมภาพันธ์,312,20,0,782.5,21.8,760.7,64.14
2568,ส่วนกลาง,สำนักอุทยานแห่งชาติ,มีนาคม,312,21,0,599.1,25.8,573.3,74.26
2568,ส่วนกลาง,สำนักอุทยานแห่งชาติ,เมษายน,312,18,0,641,12,629,67.07
2568,ส่วนกลาง,สำนักอุทยานแห่งชาติ,พฤษภาคม,312,20,0,907.3,26.3,881,58.47
2568,ส่วนกลาง,สำนักอุทยานแห่งชาติ,มิถุนายน,312,20,0,796.9,29.2,767.7,63.82
2568,ส่วนกลาง,สำนักอุทยานแห่งชาติ,กรกฎาคม,312,20,0,804.6,24.2,780.4,63.22
2568,ส่วนกลาง,สำนักอุทยานแห่งชาติ,สิงหาคม,312,21,0,823,13,810,61.82
2568,ส่วนกลาง,สำนักอุทยานแห่งชาติ,กันยายน,312,22,0,1022.5,21.65,1001.5,57.09
2568,ส่วนกลาง,สำนักอุทยานแห่งชาติ,ตุลาคม,312,21,0,1197.3,17.8,1179.5,45.66
2568,ส่วนกลาง,สำนักอุทยานแห่งชาติ,พฤศจิกายน,312,20,0,899.65,20.7,879,57.48
2568,ส่วนกลาง,สำนักอุทยานแห่งชาติ,ธันวาคม,312,20,0,752,19.21,732.79,64.55
2568,ส่วนกลาง,สำนักอนุรักษ์สัตว์ป่า,มกราคม,245,22,0,22.2,4.5,10.6,99.42
2568,ส่วนกลาง,สำนักอนุรักษ์สัตว์ป่า,กุมภาพันธ์,245,20,0,20.7,3.7,10.2,99.42
2568,ส่วนกลาง,สำนักอนุรักษ์สัตว์ป่า,มีนาคม,245,21,0,17.9,3.4,9.6,99.45
2568,ส่วนกลาง,สำนักอนุรักษ์สัตว์ป่า,เมษายน,245,18,0,20,4,10.9,99.27
2568,ส่วนกลาง,สำนักอนุรักษ์สัตว์ป่า,พฤษภาคม,245,20,0,21.3,4.2,11.1,99.3
2568,ส่วนกลาง,สำนักอนุรักษ์สัตว์ป่า,มิถุนายน,245,20,0,19.4,3.8,10.9,99.35
2568,ส่วนกลาง,สำนักอนุรักษ์สัตว์ป่า,กรกฎาคม,245,20,0,15.2,2.9,7.7,99.54
2568,ส่วนกลาง,สำนักอนุรักษ์สัตว์ป่า,สิงหาคม,245,21,0,22.3,4.1,9.4,99.46
2568,ส่วนกลาง,สำนักอนุรักษ์สัตว์ป่า,กันยายน,245,22,0,18.9,3.5,8.7,99.5
2568,ส่วนกลาง,สำนักอนุรักษ์สัตว์ป่า,ตุลาคม,245,21,0,20.14,3,17.14,99.06
2568,ส่วนกลาง,สำนักอนุรักษ์สัตว์ป่า,พฤศจิกายน,245,20,0,21.88,2.48,19.4,98.89
2568,ส่วนกลาง,สำนักอนุรักษ์สัตว์ป่า,ธันวาคม,245,20,0,21.71,2.99,18.72,98.88
2568,ส่วนกลาง,สำนักสนองงานพระราชดำริ,มกราคม,56,22,0,20.4,6.3,6.2,98.52
2568,ส่วนกลาง,สำนักสนองงานพระราชดำริ,กุมภาพันธ์,56,20,0,18.4,5.4,5.6,98.53
2568,ส่วนกลาง,สำนักสนองงานพระราชดำริ,มีนาคม,56,21,0,12,4.3,2.9,99.24
2568,ส่วนกลาง,สำนักสนองงานพระราชดำริ,เมษายน,56,18,0,10,3.3,1.55,99.55
2568,ส่วนกลาง,สำนักสนองงานพระราชดำริ,พฤษภาคม,56,20,0,8.2,2.9,0.9,99.76
2568,ส่วนกลาง,สำนักสนองงานพระราชดำริ,มิถุนายน,56,20,0,11.5,2.5,5.3,98.61
2568,ส่วนกลาง,สำนักสนองงานพระราชดำริ,กรกฎาคม,56,20,0,17.9,5.3,7.3,98.08
2568,ส่วนกลาง,สำนักสนองงานพระราชดำริ,สิงหาคม,56,21,0,8.5,2.1,4.1,98.97
2568,ส่วนกลาง,สำนักสนองงานพระราชดำริ,กันยายน,56,22,0,7.65,3.65,2.65,99.37
2568,ส่วนกลาง,สำนักสนองงานพระราชดำริ,ตุลาคม,56,21,0,9.41,3.74,5.22,98.69
2568,ส่วนกลาง,สำนักสนองงานพระราชดำริ,พฤศจิกายน,56,20,0,7.98,3.65,3.21,99.16
2568,ส่วนกลาง,สำนักสนองงานพระราชดำริ,ธันวาคม,56,20,0,8.71,3.41,5.3,98.61
2568,ส่วนกลาง,สำนักอนุรักษ์และจัดการต้นน้ำ,มกราคม,124,22,0,37.5,2.4,35.1,96.22
2568,ส่วนกลาง,สำนักอนุรักษ์และจัดการต้นน้ำ,กุมภาพันธ์,124,20,0,40,2,38,95.49
2568,ส่วนกลาง,สำนักอนุรักษ์และจัดการต้นน้ำ,มีนาคม,124,21,0,46.4,2.4,44,94.78
2568,ส่วนกลาง,สำนักอนุรักษ์และจัดการต้นน้ำ,เมษายน,124,18,0,38,29,17,97.76
2568,ส่วนกลาง,สำนักอนุรักษ์และจัดการต้นน้ำ,พฤษภาคม,124,20,0,43.6,2.1,41.5,95.08
2568,ส่วนกลาง,สำนักอนุรักษ์และจัดการต้นน้ำ,มิถุนายน,124,20,0,46.2,1.7,44.5,94.72
2568,ส่วนกลาง,สำนักอนุรักษ์และจัดการต้นน้ำ,กรกฎาคม,124,20,0,46,2.1,43.6,94.83
2568,ส่วนกลาง,สำนักอนุรักษ์และจัดการต้นน้ำ,สิงหาคม,124,21,0,47.9,2.4,45.5,94.86
2568,ส่วนกลาง,สำนักอนุรักษ์และจัดการต้นน้ำ,กันยายน,124,22,0,41.98,6.98,32.98,96.44
2568,ส่วนกลาง,สำนักอนุรักษ์และจัดการต้นน้ำ,ตุลาคม,124,21,0,43.4,1.8,41.6,95.3
2568,ส่วนกลาง,สำนักอนุรักษ์และจัดการต้นน้ำ,พฤศจิกายน,124,20,0,39.65,1.4,37.98,95.5
2568,ส่วนกลาง,สำนักอนุรักษ์และจัดการต้นน้ำ,ธันวาคม,124,20,0,44.12,2.12,42,95.02
2568,ส่วนกลาง,สำนักป้องกัน ปราบปรามและควบคุมไฟป่า,มกราคม,175,22,0,571.3,50,100,92.36
2568,ส่วนกลาง,สำนักป้องกัน ปราบปรามและควบคุมไฟป่า,กุมภาพันธ์,175,20,0,528.3,52,90,92.44
2568,ส่วนกลาง,สำนักป้องกัน ปราบปรามและควบคุมไฟป่า,มีนาคม,175,21,0,320.3,23,60,95.2
2568,ส่วนกลาง,สำนักป้องกัน ปราบปรามและควบคุมไฟป่า,เมษายน,175,18,0,327.3,20,54,94.96
2568,ส่วนกลาง,สำนักป้องกัน ปราบปรามและควบคุมไฟป่า,พฤษภาคม,175,20,0,446.9,20,100,91.6
2568,ส่วนกลาง,สำนักป้องกัน ปราบปรามและควบคุมไฟป่า,มิถุนายน,175,20,0,477.3,10.67,100,91.6
2568,ส่วนกลาง,สำนักป้องกัน ปราบปรามและควบคุมไฟป่า,กรกฎาคม,175,20,0,455.6,12.65,445.6,62.55
2568,ส่วนกลาง,สำนักป้องกัน ปราบปรามและควบคุมไฟป่า,สิงหาคม,175,21,0,541,14.14,541,56.7
2568,ส่วนกลาง,สำนักป้องกัน ปราบปรามและควบคุมไฟป่า,กันยายน,175,22,0,486,18.65,450,65.62
2568,ส่วนกลาง,สำนักป้องกัน ปราบปรามและควบคุมไฟป่า,ตุลาคม,175,21,0,491,19.54,471.46,62.27
2568,ส่วนกลาง,สำนักป้องกัน ปราบปรามและควบคุมไฟป่า,พฤศจิกายน,175,20,0,471,20.45,450.55,62.14
2568,ส่วนกลาง,สำนักป้องกัน ปราบปรามและควบคุมไฟป่า,ธันวาคม,175,20,0,492,17.22,474.78,60.1
2568,ส่วนกลาง,สำนักฟื้นฟูและพัฒนาพื้นที่อนุรักษ์,มกราคม,352,22,0,1440.97,376.65,671.23,74.51
2568,ส่วนกลาง,สำนักฟื้นฟูและพัฒนาพื้นที่อนุรักษ์,กุมภาพันธ์,352,20,0,1361.22,387.19,653.25,72.71
2568,ส่วนกลาง,สำนักฟื้นฟูและพัฒนาพื้นที่อนุรักษ์,มีนาคม,352,21,0,1457.06,414.05,1043.01,58.5
2568,ส่วนกลาง,สำนักฟื้นฟูและพัฒนาพื้นที่อนุรักษ์,เมษายน,352,18,0,1106.89,525.49,581.4,73.01
2568,ส่วนกลาง,สำนักฟื้นฟูและพัฒนาพื้นที่อนุรักษ์,พฤษภาคม,352,20,0,1146.9,305.4,841.5,64.84
2568,ส่วนกลาง,สำนักฟื้นฟูและพัฒนาพื้นที่อนุรักษ์,มิถุนายน,352,20,0,1071.52,276.21,534.6,77.67
2568,ส่วนกลาง,สำนักฟื้นฟูและพัฒนาพื้นที่อนุรักษ์,กรกฎาคม,352,20,0,1310.7,305.72,721.09,69.87
2568,ส่วนกลาง,สำนักฟื้นฟูและพัฒนาพื้นที่อนุรักษ์,สิงหาคม,352,21,0,1351.48,314.88,1036.6,58.76
2568,ส่วนกลาง,สำนักฟื้นฟูและพัฒนาพื้นที่อนุรักษ์,กันยายน,352,22,0,1667.76,361.14,858.67,67.39
2568,ส่วนกลาง,สำนักฟื้นฟูและพัฒนาพื้นที่อนุรักษ์,ตุลาคม,352,21,0,2132.72,490.28,1642.44,34.65
2568,ส่วนกลาง,สำนักฟื้นฟูและพัฒนาพื้นที่อนุรักษ์,พฤศจิกายน,352,20,0,2012,412.12,1599.88,36.34
2568,ส่วนกลาง,สำนักฟื้นฟูและพัฒนาพื้นที่อนุรักษ์,ธันวาคม,352,20,0,2018,419.52,1598.48,33.22
2568,ส่วนกลาง,สำนักวิจัยการอนุรักษ์ป่าไม้และพันธุ์พืช,มกราคม,287,22,0,39.5,10,29.5,98.58
2568,ส่วนกลาง,สำนักวิจัยการอนุรักษ์ป่าไม้และพันธุ์พืช,กุมภาพันธ์,287,20,0,30,5.4,24.6,98.7
2568,ส่วนกลาง,สำนักวิจัยการอนุรักษ์ป่าไม้และพันธุ์พืช,มีนาคม,287,21,0,26.8,5,21.8,98.9
2568,ส่วนกลาง,สำนักวิจัยการอนุรักษ์ป่าไม้และพันธุ์พืช,เมษายน,287,18,0,24.7,9.3,15.4,99.09
2568,ส่วนกลาง,สำนักวิจัยการอนุรักษ์ป่าไม้และพันธุ์พืช,พฤษภาคม,287,20,0,22.4,5.4,17,99.1
2568,ส่วนกลาง,สำนักวิจัยการอนุรักษ์ป่าไม้และพันธุ์พืช,มิถุนายน,287,20,0,21.3,7.2,14.1,99.25
2568,ส่วนกลาง,สำนักวิจัยการอนุรักษ์ป่าไม้และพันธุ์พืช,กรกฎาคม,287,20,0,20.9,7.3,13.6,99.28
2568,ส่วนกลาง,สำนักวิจัยการอนุรักษ์ป่าไม้และพันธุ์พืช,สิงหาคม,287,21,0,18.1,7.2,10,99.5
2568,ส่วนกลาง,สำนักวิจัยการอนุรักษ์ป่าไม้และพันธุ์พืช,กันยายน,287,22,0,18.6,7.5,11.1,99.47
2568,ส่วนกลาง,สำนักวิจัยการอนุรักษ์ป่าไม้และพันธุ์พืช,ตุลาคม,287,21,0,18.6,7.5,11.7,99.41
2568,ส่วนกลาง,สำนักวิจัยการอนุรักษ์ป่าไม้และพันธุ์พืช,พฤศจิกายน,287,20,0,19.6,6.8,12.8,99.34
2568,ส่วนกลาง,สำนักวิจัยการอนุรักษ์ป่าไม้และพันธุ์พืช,ธันวาคม,287,20,0,20.11,4.51,15.6,99.2
2568,ส่วนกลาง,สำนักแผนงานและสารสนเทศ,มกราคม,94,22,0,11.8,4.7,7.1,98.99
2568,ส่วนกลาง,สำนักแผนงานและสารสนเทศ,กุมภาพันธ์,92,20,0,8.7,3.2,5.5,99.12
2568,ส่วนกลาง,สำนักแผนงานและสารสนเทศ,มีนาคม,92,21,0,8.9,3.1,5.8,99.07
2568,ส่วนกลาง,สำนักแผนงานและสารสนเทศ,เมษายน,98,18,0,8.3,2.7,5.6,99.07
2568,ส่วนกลาง,สำนักแผนงานและสารสนเทศ,พฤษภาคม,99,20,0,10.6,3.4,7.2,98.93
2568,ส่วนกลาง,สำนักแผนงานและสารสนเทศ,มิถุนายน,98,20,0,10.8,2.9,7.9,98.81
2568,ส่วนกลาง,สำนักแผนงานและสารสนเทศ,กรกฎาคม,99,20,0,9.7,2.9,6.8,98.99
2568,ส่วนกลาง,สำนักแผนงานและสารสนเทศ,สิงหาคม,96,21,0,9.3,2.4,6.9,98.94
2568,ส่วนกลาง,สำนักแผนงานและสารสนเทศ,กันยายน,96,22,0,8.65,3.65,2.98,99.59
2568,ส่วนกลาง,สำนักแผนงานและสารสนเทศ,ตุลาคม,96,21,0,10.69,4.71,5.87,99.14
2568,ส่วนกลาง,สำนักแผนงานและสารสนเทศ,พฤศจิกายน,96,20,0,11,4.98,5.11,99.22
2568,ส่วนกลาง,สำนักแผนงานและสารสนเทศ,ธันวาคม,96,20,0,11,3.21,7.79,98.81
2568,ส่วนกลาง,สำนักงานผู้ตรวจราชการกรม,มกราคม,14,22,0,6.9,1.93,1.61,98.46
2568,ส่วนกลาง,สำนักงานผู้ตรวจราชการกรม,กุมภาพันธ์,13,20,0,7.14,2.04,5.1,94.23
2568,ส่วนกลาง,สำนักงานผู้ตรวจราชการกรม,มีนาคม,13,21,0,7.69,1.76,3,96.77
2568,ส่วนกลาง,สำนักงานผู้ตรวจราชการกรม,เมษายน,13,18,0,7.89,2.68,4.3,94.6
2568,ส่วนกลาง,สำนักงานผู้ตรวจราชการกรม,พฤษภาคม,13,20,0,7.57,2.57,3,96.61
2568,ส่วนกลาง,สำนักงานผู้ตรวจราชการกรม,มิถุนายน,13,20,0,6.31,2.6,3.4,96.15
2568,ส่วนกลาง,สำนักงานผู้ตรวจราชการกรม,กรกฎาคม,14,20,0,7.75,2.58,1.66,98.26
2568,ส่วนกลาง,สำนักงานผู้ตรวจราชการกรม,สิงหาคม,14,21,0,7.75,3.86,2.54,97.46
2568,ส่วนกลาง,สำนักงานผู้ตรวจราชการกรม,กันยายน,14,22,0,7.01,2.11,3,97
2568,ส่วนกลาง,สำนักงานผู้ตรวจราชการกรม,ตุลาคม,8,21,0,6.49,1.99,4.5,92.12
2568,ส่วนกลาง,สำนักงานผู้ตรวจราชการกรม,พฤศจิกายน,8,20,0,7.98,2.14,5.84,89.78
2568,ส่วนกลาง,สำนักงานผู้ตรวจราชการกรม,ธันวาคม,10,20,0,8.45,2.11,6.34,90.68
2568,ส่วนกลาง,กลุ่มงานจริยธรรม,มกราคม,3,22,0,0.3,0.2,0.1,99.55
2568,ส่วนกลาง,กลุ่มงานจริยธรรม,กุมภาพันธ์,3,20,0,0.5,0.2,0.2,99.02
2568,ส่วนกลาง,กลุ่มงานจริยธรรม,มีนาคม,3,21,0,0.4,0.1,0.2,99.02
2568,ส่วนกลาง,กลุ่มงานจริยธรรม,เมษายน,3,18,0,0.4,0.1,0.1,99.46
2568,ส่วนกลาง,กลุ่มงานจริยธรรม,พฤษภาคม,3,20,0,0.3,0.1,0.1,99.51
2568,ส่วนกลาง,กลุ่มงานจริยธรรม,มิถุนายน,3,20,0,0.7,0.2,0.4,98.04
2568,ส่วนกลาง,กลุ่มงานจริยธรรม,กรกฎาคม,3,20,0,0.5,0.2,0.3,98.53
2568,ส่วนกลาง,กลุ่มงานจริยธรรม,สิงหาคม,3,21,0,0.4,0.1,0.2,99.07
2568,ส่วนกลาง,กลุ่มงานจริยธรรม,กันยายน,3,22,0,0.3,0.2,0.1,99.53
2568,ส่วนกลาง,กลุ่มงานจริยธรรม,ตุลาคม,3,21,0,0.2,0.02,0.1,99.53
2568,ส่วนกลาง,กลุ่มงานจริยธรรม,พฤศจิกายน,3,20,0,0.2,0.2,0.1,99.51
2568,ส่วนกลาง,กลุ่มงานจริยธรรม,ธันวาคม,3,20,0,0.1,0.1,0.1,99.51
2568,ส่วนกลาง,กลุ่มตรวจสอบภายใน,มกราคม,18,22,0,0.66,0,0.66,99.51
2568,ส่วนกลาง,กลุ่มตรวจสอบภายใน,กุมภาพันธ์,18,20,0,0.56,0,0.22,99.82
2568,ส่วนกลาง,กลุ่มตรวจสอบภายใน,มีนาคม,18,21,0,0.33,0,0.33,99.73
2568,ส่วนกลาง,กลุ่มตรวจสอบภายใน,เมษายน,17,18,0,0.12,0,0.1,99.9
2568,ส่วนกลาง,กลุ่มตรวจสอบภายใน,พฤษภาคม,17,20,0,0.11,0.2,0.5,99.57
2568,ส่วนกลาง,กลุ่มตรวจสอบภายใน,มิถุนายน,17,20,0,0.12,0.3,0.1,99.91
2568,ส่วนกลาง,กลุ่มตรวจสอบภายใน,กรกฎาคม,21,20,0,0.13,0.2,0.1,99.93
2568,ส่วนกลาง,กลุ่มตรวจสอบภายใน,สิงหาคม,18,21,0,0.14,0.1,0.2,99.84
2568,ส่วนกลาง,กลุ่มตรวจสอบภายใน,กันยายน,18,22,0,0.98,0.65,0.22,99.84
2568,ส่วนกลาง,กลุ่มตรวจสอบภายใน,ตุลาคม,18,21,0,0.85,0.63,0.41,99.7
2568,ส่วนกลาง,กลุ่มตรวจสอบภายใน,พฤศจิกายน,18,20,0,0.99,0.54,0.21,99.83
2568,ส่วนกลาง,กลุ่มตรวจสอบภายใน,ธันวาคม,18,20,0,0.86,0.66,0.39,99.68
2568,ส่วนกลาง,กลุ่มพัฒนาระบบบริหาร,มกราคม,17,22,0,7,2.35,1.98,98.44
2568,ส่วนกลาง,กลุ่มพัฒนาระบบบริหาร,กุมภาพันธ์,17,20,0,8,3.65,2.35,97.97
2568,ส่วนกลาง,กลุ่มพัฒนาระบบบริหาร,มีนาคม,16,21,0,11.65,4.65,3.56,96.88
2568,ส่วนกลาง,กลุ่มพัฒนาระบบบริหาร,เมษายน,17,18,0,10.65,7.65,2.95,97.16
2568,ส่วนกลาง,กลุ่มพัฒนาระบบบริหาร,พฤษภาคม,17,20,0,9.65,6.32,3.65,96.84
2568,ส่วนกลาง,กลุ่มพัฒนาระบบบริหาร,มิถุนายน,17,20,0,8.95,3.98,3.65,96.84
2568,ส่วนกลาง,กลุ่มพัฒนาระบบบริหาร,กรกฎาคม,17,20,0,9.32,4.65,3.98,96.72
2568,ส่วนกลาง,กลุ่มพัฒนาระบบบริหาร,สิงหาคม,17,21,0,9.63,3.95,2.98,97.54
2568,ส่วนกลาง,กลุ่มพัฒนาระบบบริหาร,กันยายน,17,22,0,10.32,5,2.3,98.19
2568,ส่วนกลาง,กลุ่มพัฒนาระบบบริหาร,ตุลาคม,18,21,0,9.68,4.11,4.63,96.56
2568,ส่วนกลาง,กลุ่มพัฒนาระบบบริหาร,พฤศจิกายน,18,20,0,8.65,4.16,3.45,97.18
2568,ส่วนกลาง,กลุ่มพัฒนาระบบบริหาร,ธันวาคม,18,20,0,8.14,3.98,3.01,97.54
2568,ส่วนกลาง,กองการต่างประเทศ,มกราคม,48,22,0,1.62,0,0.23,99.94
2568,ส่วนกลาง,กองการต่างประเทศ,กุมภาพันธ์,48,20,0,1.25,0,0.11,99.97
2568,ส่วนกลาง,กองการต่างประเทศ,มีนาคม,48,21,0,2.2,0,0.28,99.92
2568,ส่วนกลาง,กองการต่างประเทศ,เมษายน,48,18,0,1.52,0,0.59,99.8
2568,ส่วนกลาง,กองการต่างประเทศ,พฤษภาคม,47,20,0,2.3,0.8,0.8,99.75
2568,ส่วนกลาง,กองการต่างประเทศ,มิถุนายน,48,20,0,2.5,0.51,0.26,99.92
2568,ส่วนกลาง,กองการต่างประเทศ,กรกฎาคม,48,20,0,1.62,0.45,0.2,99.94
2568,ส่วนกลาง,กองการต่างประเทศ,สิงหาคม,48,21,0,2.13,0.59,0.21,99.94
2568,ส่วนกลาง,กองการต่างประเทศ,กันยายน,48,22,0,2.14,0.48,0.18,99.95
2568,ส่วนกลาง,กองการต่างประเทศ,ตุลาคม,48,21,0,2.18,0.42,1.76,99.49
2568,ส่วนกลาง,กองการต่างประเทศ,พฤศจิกายน,48,20,0,2.88,0.22,2.66,99.19
2568,ส่วนกลาง,กองการต่างประเทศ,ธันวาคม,48,20,0,2.16,0.58,1.58,99.52
2568,ส่วนกลาง,กองคุ้มครองพันธุ์สัตว์ป่าและพีชป่าตามอนุสัญญา,มกราคม,54,22,0,15,6,9,97.77
2568,ส่วนกลาง,กองคุ้มครองพันธุ์สัตว์ป่าและพีชป่าตามอนุสัญญา,กุมภาพันธ์,54,20,0,13,4,9,97.55
2568,ส่วนกลาง,กองคุ้มครองพันธุ์สัตว์ป่าและพีชป่าตามอนุสัญญา,มีนาคม,54,21,0,13,1.2,11.8,96.79
2568,ส่วนกลาง,กองคุ้มครองพันธุ์สัตว์ป่าและพีชป่าตามอนุสัญญา,เมษายน,54,18,0,10,1.12,8.88,97.31
2568,ส่วนกลาง,กองคุ้มครองพันธุ์สัตว์ป่าและพีชป่าตามอนุสัญญา,พฤษภาคม,54,20,0,12,1.25,10.75,97.07
2568,ส่วนกลาง,กองคุ้มครองพันธุ์สัตว์ป่าและพีชป่าตามอนุสัญญา,มิถุนายน,54,20,0,10,1.56,8.44,97.7
2568,ส่วนกลาง,กองคุ้มครองพันธุ์สัตว์ป่าและพีชป่าตามอนุสัญญา,กรกฎาคม,54,20,0,13,1.23,11.77,96.79
2568,ส่วนกลาง,กองคุ้มครองพันธุ์สัตว์ป่าและพีชป่าตามอนุสัญญา,สิงหาคม,54,21,0,11,1.25,9.75,97.47
2568,ส่วนกลาง,กองคุ้มครองพันธุ์สัตว์ป่าและพีชป่าตามอนุสัญญา,กันยายน,54,22,0,13,1.22,11.78,96.94
2568,ส่วนกลาง,กองคุ้มครองพันธุ์สัตว์ป่าและพีชป่าตามอนุสัญญา,ตุลาคม,54,21,0,12,1.11,10.89,97.18
2568,ส่วนกลาง,กองคุ้มครองพันธุ์สัตว์ป่าและพีชป่าตามอนุสัญญา,พฤศจิกายน,54,20,0,14,2.41,11.59,96.99
2568,ส่วนกลาง,กองคุ้มครองพันธุ์สัตว์ป่าและพีชป่าตามอนุสัญญา,ธันวาคม,54,20,0,13,2.11,10.89,97.03
2568,ส่วนกลาง,กองนิติการ,มกราคม,48,22,0,155.6,38.75,62.32,82.64
2568,ส่วนกลาง,กองนิติการ,กุมภาพันธ์,48,20,0,136.25,25.23,55.45,83.01
2568,ส่วนกลาง,กองนิติการ,มีนาคม,48,21,0,145.75,22.15,46.21,86.52
2568,ส่วนกลาง,กองนิติการ,เมษายน,48,18,0,112.3,19.65,23.89,91.87
2568,ส่วนกลาง,กองนิติการ,พฤษภาคม,48,20,0,20,5,5,98.47
2568,ส่วนกลาง,กองนิติการ,มิถุนายน,48,20,0,18,4,4,98.77
2568,ส่วนกลาง,กองนิติการ,กรกฎาคม,48,20,0,16,5,7,97.86
2568,ส่วนกลาง,กองนิติการ,สิงหาคม,48,21,0,17,3,4,98.83
2568,ส่วนกลาง,กองนิติการ,กันยายน,48,22,0,18,4,10,96.78
2568,ส่วนกลาง,กองนิติการ,ตุลาคม,48,21,0,20,6,8,97.77
2568,ส่วนกลาง,กองนิติการ,พฤศจิกายน,48,20,0,89,20,30,90.81
2568,ส่วนกลาง,กองนิติการ,ธันวาคม,48,20,0,89,20,30,90.81
2568,ส่วนภูมิภาค,สำนักบริหารพื้นที่อนุรักษ์ที่ 3 (บ้านโป่ง),มกราคม,214,22,0,72,3.5,68.5,95.72
2568,ส่วนภูมิภาค,สำนักบริหารพื้นที่อนุรักษ์ที่ 3 (บ้านโป่ง),กุมภาพันธ์,214,20,0,70,4.8,65.2,95.52
2568,ส่วนภูมิภาค,สำนักบริหารพื้นที่อนุรักษ์ที่ 3 (บ้านโป่ง),มีนาคม,214,21,0,72,4.8,67.2,95.38
2568,ส่วนภูมิภาค,สำนักบริหารพื้นที่อนุรักษ์ที่ 3 (บ้านโป่ง),เมษายน,214,18,0,62,4.7,57.3,95.62
2568,ส่วนภูมิภาค,สำนักบริหารพื้นที่อนุรักษ์ที่ 3 (บ้านโป่ง),พฤษภาคม,214,20,0,65,4.4,60.23,95.86
2568,ส่วนภูมิภาค,สำนักบริหารพื้นที่อนุรักษ์ที่ 3 (บ้านโป่ง),มิถุนายน,214,20,0,64,4,60,95.88
2568,ส่วนภูมิภาค,สำนักบริหารพื้นที่อนุรักษ์ที่ 3 (บ้านโป่ง),กรกฎาคม,214,20,0,65,3,61,95.81
2568,ส่วนภูมิภาค,สำนักบริหารพื้นที่อนุรักษ์ที่ 3 (บ้านโป่ง),สิงหาคม,214,21,0,63,3.3,59.7,96.09
2568,ส่วนภูมิภาค,สำนักบริหารพื้นที่อนุรักษ์ที่ 3 (บ้านโป่ง),กันยายน,214,22,0,49,9.65,38.56,97.59
2568,ส่วนภูมิภาค,สำนักบริหารพื้นที่อนุรักษ์ที่ 3 (บ้านโป่ง),ตุลาคม,214,21,0,52,9.65,40.65,97.46
2568,ส่วนภูมิภาค,สำนักบริหารพื้นที่อนุรักษ์ที่ 3 (บ้านโป่ง),พฤศจิกายน,214,20,0,50,5.7,44.3,96.96
2568,ส่วนภูมิภาค,สำนักบริหารพื้นที่อนุรักษ์ที่ 3 (บ้านโป่ง),ธันวาคม,214,20,0,48,4.1,43.9,96.98
2568,ส่วนภูมิภาค,สำนักบริหารพื้นที่อนุรักษ์ที่ 4 (สุราษฎร์ธานี),มกราคม,255,22,0,25.3,5.2,11.2,99.41
2568,ส่วนภูมิภาค,สำนักบริหารพื้นที่อนุรักษ์ที่ 4 (สุราษฎร์ธานี),กุมภาพันธ์,255,20,0,26.4,6.2,10.5,99.39
2568,ส่วนภูมิภาค,สำนักบริหารพื้นที่อนุรักษ์ที่ 4 (สุราษฎร์ธานี),มีนาคม,255,21,0,25.1,5.3,11.5,99.37
2568,ส่วนภูมิภาค,สำนักบริหารพื้นที่อนุรักษ์ที่ 4 (สุราษฎร์ธานี),เมษายน,255,18,0,22.3,4.2,9.2,99.41
2568,ส่วนภูมิภาค,สำนักบริหารพื้นที่อนุรักษ์ที่ 4 (สุราษฎร์ธานี),พฤษภาคม,255,20,0,20,10,2.3,99.87
2568,ส่วนภูมิภาค,สำนักบริหารพื้นที่อนุรักษ์ที่ 4 (สุราษฎร์ธานี),มิถุนายน,255,20,0,21,9.5,2.5,99.86
2568,ส่วนภูมิภาค,สำนักบริหารพื้นที่อนุรักษ์ที่ 4 (สุราษฎร์ธานี),กรกฎาคม,255,20,0,20,10,2,99.88
2568,ส่วนภูมิภาค,สำนักบริหารพื้นที่อนุรักษ์ที่ 4 (สุราษฎร์ธานี),สิงหาคม,255,21,0,18,11,4,99.78
2568,ส่วนภูมิภาค,สำนักบริหารพื้นที่อนุรักษ์ที่ 4 (สุราษฎร์ธานี),กันยายน,255,22,0,22,15,4,99.79
2568,ส่วนภูมิภาค,สำนักบริหารพื้นที่อนุรักษ์ที่ 4 (สุราษฎร์ธานี),ตุลาคม,255,21,0,17,10,3,99.84
2568,ส่วนภูมิภาค,สำนักบริหารพื้นที่อนุรักษ์ที่ 4 (สุราษฎร์ธานี),พฤศจิกายน,255,20,0,16,9,2.4,99.86
2568,ส่วนภูมิภาค,สำนักบริหารพื้นที่อนุรักษ์ที่ 4 (สุราษฎร์ธานี),ธันวาคม,255,20,0,14,10,2.3,99.87
2568,ส่วนภูมิภาค,สำนักบริหารพื้นที่อนุรักษ์ที่ 5 (นครศรีธรรมราช),มกราคม,15,22,0,28,15,27,75.94
2568,ส่วนภูมิภาค,สำนักบริหารพื้นที่อนุรักษ์ที่ 5 (นครศรีธรรมราช),กุมภาพันธ์,15,20,0,26,14,26,74.51
2568,ส่วนภูมิภาค,สำนักบริหารพื้นที่อนุรักษ์ที่ 5 (นครศรีธรรมราช),มีนาคม,15,21,0,28,15,27,74.79
2568,ส่วนภูมิภาค,สำนักบริหารพื้นที่อนุรักษ์ที่ 5 (นครศรีธรรมราช),เมษายน,15,18,0,27,15,20,78.21
2568,ส่วนภูมิภาค,สำนักบริหารพื้นที่อนุรักษ์ที่ 5 (นครศรีธรรมราช),พฤษภาคม,15,20,0,26,14,21,79.41
2568,ส่วนภูมิภาค,สำนักบริหารพื้นที่อนุรักษ์ที่ 5 (นครศรีธรรมราช),มิถุนายน,15,20,0,28,15,20,80.39
2568,ส่วนภูมิภาค,สำนักบริหารพื้นที่อนุรักษ์ที่ 5 (นครศรีธรรมราช),กรกฎาคม,15,20,0,29,15,20,80.39
2568,ส่วนภูมิภาค,สำนักบริหารพื้นที่อนุรักษ์ที่ 5 (นครศรีธรรมราช),สิงหาคม,15,21,0,28,15,19,82.26
2568,ส่วนภูมิภาค,สำนักบริหารพื้นที่อนุรักษ์ที่ 5 (นครศรีธรรมราช),กันยายน,15,22,0,25,14,21,81.28
2568,ส่วนภูมิภาค,สำนักบริหารพื้นที่อนุรักษ์ที่ 5 (นครศรีธรรมราช),ตุลาคม,15,21,0,24,14,18,83.19
2568,ส่วนภูมิภาค,สำนักบริหารพื้นที่อนุรักษ์ที่ 5 (นครศรีธรรมราช),พฤศจิกายน,15,20,0,26,15,17,83.33
2568,ส่วนภูมิภาค,สำนักบริหารพื้นที่อนุรักษ์ที่ 5 (นครศรีธรรมราช),ธันวาคม,15,20,0,24,14,16,84.31
2568,ส่วนภูมิภาค,สำนักบริหารพื้นที่อนุรักษ์ที่ 6 (สงขลา),มกราคม,166,22,0,65.78,10.85,54.93,95.58
2568,ส่วนภูมิภาค,สำนักบริหารพื้นที่อนุรักษ์ที่ 6 (สงขลา),กุมภาพันธ์,166,20,0,49.41,2.15,47.26,95.81
2568,ส่วนภูมิภาค,สำนักบริหารพื้นที่อนุรักษ์ที่ 6 (สงขลา),มีนาคม,169,21,0,58.18,2.27,55.91,95.37
2568,ส่วนภูมิภาค,สำนักบริหารพื้นที่อนุรักษ์ที่ 6 (สงขลา),เมษายน,168,18,0,37.61,1.46,36.15,96.48
2568,ส่วนภูมิภาค,สำนักบริหารพื้นที่อนุรักษ์ที่ 6 (สงขลา),พฤษภาคม,168,20,0,35.23,4.58,26.48,97.68
2568,ส่วนภูมิภาค,สำนักบริหารพื้นที่อนุรักษ์ที่ 6 (สงขลา),มิถุนายน,170,20,0,51.46,5.81,45.64,96.05
2568,ส่วนภูมิภาค,สำนักบริหารพื้นที่อนุรักษ์ที่ 6 (สงขลา),กรกฎาคม,171,20,0,47.55,2.29,45.26,96.11
2568,ส่วนภูมิภาค,สำนักบริหารพื้นที่อนุรักษ์ที่ 6 (สงขลา),สิงหาคม,170,21,0,46.82,1.43,45.39,96.26
2568,ส่วนภูมิภาค,สำนักบริหารพื้นที่อนุรักษ์ที่ 6 (สงขลา),กันยายน,167,22,0,45.59,3.23,42.36,96.45
2568,ส่วนภูมิภาค,สำนักบริหารพื้นที่อนุรักษ์ที่ 6 (สงขลา),ตุลาคม,167,21,0,44.15,4.23,41.14,96.55
2568,ส่วนภูมิภาค,สำนักบริหารพื้นที่อนุรักษ์ที่ 6 (สงขลา),พฤศจิกายน,167,20,0,43.14,5.21,40.21,96.46
2568,ส่วนภูมิภาค,สำนักบริหารพื้นที่อนุรักษ์ที่ 6 (สงขลา),ธันวาคม,167,20,0,42.68,5.33,39.45,96.53
2568,ส่วนภูมิภาค,สำนักบริหารพื้นที่อนุรักษ์ที่ 7 (นครราชสีมา),มกราคม,190,22,0,196,36,160,88.74
2568,ส่วนภูมิภาค,สำนักบริหารพื้นที่อนุรักษ์ที่ 7 (นครราชสีมา),กุมภาพันธ์,190,20,0,192,30,162,87.46
2568,ส่วนภูมิภาค,สำนักบริหารพื้นที่อนุรักษ์ที่ 7 (นครราชสีมา),มีนาคม,190,21,0,188,32,156,87.93
2568,ส่วนภูมิภาค,สำนักบริหารพื้นที่อนุรักษ์ที่ 7 (นครราชสีมา),เมษายน,190,18,0,182,18,164,85.9
2568,ส่วนภูมิภาค,สำนักบริหารพื้นที่อนุรักษ์ที่ 7 (นครราชสีมา),พฤษภาคม,190,20,0,178,20,158,87.77
2568,ส่วนภูมิภาค,สำนักบริหารพื้นที่อนุรักษ์ที่ 7 (นครราชสีมา),มิถุนายน,190,20,0,174,19,155,88
2568,ส่วนภูมิภาค,สำนักบริหารพื้นที่อนุรักษ์ที่ 7 (นครราชสีมา),กรกฎาคม,190,20,0,168,21,147,89.16
2568,ส่วนภูมิภาค,สำนักบริหารพื้นที่อนุรักษ์ที่ 7 (นครราชสีมา),สิงหาคม,190,21,0,172,26,146,89.24
2568,ส่วนภูมิภาค,สำนักบริหารพื้นที่อนุรักษ์ที่ 7 (นครราชสีมา),กันยายน,190,22,0,114,29.62,75.65,94.68
2568,ส่วนภูมิภาค,สำนักบริหารพื้นที่อนุรักษ์ที่ 7 (นครราชสีมา),ตุลาคม,190,21,0,111,26,85,93.73
2568,ส่วนภูมิภาค,สำนักบริหารพื้นที่อนุรักษ์ที่ 7 (นครราชสีมา),พฤศจิกายน,190,20,0,108,10,95,92.65
2568,ส่วนภูมิภาค,สำนักบริหารพื้นที่อนุรักษ์ที่ 7 (นครราชสีมา),ธันวาคม,190,20,0,105,0,105,91.87
2568,ส่วนภูมิภาค,สำนักบริหารพื้นที่อนุรักษ์ที่ 8 (ขอนแก่น),มกราคม,270,22,0,19.4,5.2,3.24,99.84
2568,ส่วนภูมิภาค,สำนักบริหารพื้นที่อนุรักษ์ที่ 8 (ขอนแก่น),กุมภาพันธ์,270,20,0,15.4,4.5,2.5,99.86
2568,ส่วนภูมิภาค,สำนักบริหารพื้นที่อนุรักษ์ที่ 8 (ขอนแก่น),มีนาคม,270,21,0,13.1,3.4,3.1,99.84
2568,ส่วนภูมิภาค,สำนักบริหารพื้นที่อนุรักษ์ที่ 8 (ขอนแก่น),เมษายน,270,18,0,12.6,2.3,4.1,99.75
2568,ส่วนภูมิภาค,สำนักบริหารพื้นที่อนุรักษ์ที่ 8 (ขอนแก่น),พฤษภาคม,270,20,0,8,1.8,3.5,99.81
2568,ส่วนภูมิภาค,สำนักบริหารพื้นที่อนุรักษ์ที่ 8 (ขอนแก่น),มิถุนายน,270,20,0,7.5,1.2,2.3,99.87
2568,ส่วนภูมิภาค,สำนักบริหารพื้นที่อนุรักษ์ที่ 8 (ขอนแก่น),กรกฎาคม,270,20,0,5.2,1.1,2.1,99.89
2568,ส่วนภูมิภาค,สำนักบริหารพื้นที่อนุรักษ์ที่ 8 (ขอนแก่น),สิงหาคม,270,21,0,3,1.2,1.3,99.93
2568,ส่วนภูมิภาค,สำนักบริหารพื้นที่อนุรักษ์ที่ 8 (ขอนแก่น),กันยายน,270,22,0,23.65,5.64,16.65,99.18
2568,ส่วนภูมิภาค,สำนักบริหารพื้นที่อนุรักษ์ที่ 8 (ขอนแก่น),ตุลาคม,270,21,0,20.14,6.32,11.21,99.42
2568,ส่วนภูมิภาค,สำนักบริหารพื้นที่อนุรักษ์ที่ 8 (ขอนแก่น),พฤศจิกายน,270,20,0,21.31,6.58,10,99.46
2568,ส่วนภูมิภาค,สำนักบริหารพื้นที่อนุรักษ์ที่ 8 (ขอนแก่น),ธันวาคม,270,20,0,19.64,7,9.46,99.48
2568,ส่วนภูมิภาค,สำนักบริหารพื้นที่อนุรักษ์ที่ 9 (อุบลราชธานี),มกราคม,225,22,0,101.28,1.24,100.04,94.06
2568,ส่วนภูมิภาค,สำนักบริหารพื้นที่อนุรักษ์ที่ 9 (อุบลราชธานี),กุมภาพันธ์,225,20,0,86.25,3.4,82.85,94.58
2568,ส่วนภูมิภาค,สำนักบริหารพื้นที่อนุรักษ์ที่ 9 (อุบลราชธานี),มีนาคม,225,21,0,93.37,4.21,89.16,94.17
2568,ส่วนภูมิภาค,สำนักบริหารพื้นที่อนุรักษ์ที่ 9 (อุบลราชธานี),เมษายน,225,18,0,87.45,4.79,82.66,94
2568,ส่วนภูมิภาค,สำนักบริหารพื้นที่อนุรักษ์ที่ 9 (อุบลราชธานี),พฤษภาคม,225,20,0,84.97,4.39,80,94.77
2568,ส่วนภูมิภาค,สำนักบริหารพื้นที่อนุรักษ์ที่ 9 (อุบลราชธานี),มิถุนายน,225,20,0,73.41,4.23,50.12,96.72
2568,ส่วนภูมิภาค,สำนักบริหารพื้นที่อนุรักษ์ที่ 9 (อุบลราชธานี),กรกฎาคม,225,20,0,91.62,2.81,89.23,94.17
2568,ส่วนภูมิภาค,สำนักบริหารพื้นที่อนุรักษ์ที่ 9 (อุบลราชธานี),สิงหาคม,225,21,0,85.27,4.43,80.84,94.97
2568,ส่วนภูมิภาค,สำนักบริหารพื้นที่อนุรักษ์ที่ 9 (อุบลราชธานี),กันยายน,225,22,0,87.95,8.65,72.32,95.7
2568,ส่วนภูมิภาค,สำนักบริหารพื้นที่อนุรักษ์ที่ 9 (อุบลราชธานี),ตุลาคม,250,21,0,87.92,1.68,86.24,95.39
2568,ส่วนภูมิภาค,สำนักบริหารพื้นที่อนุรักษ์ที่ 9 (อุบลราชธานี),พฤศจิกายน,250,20,0,104.04,1.65,102.39,93.98
2568,ส่วนภูมิภาค,สำนักบริหารพื้นที่อนุรักษ์ที่ 9 (อุบลราชธานี),ธันวาคม,250,20,0,109.37,1.48,107.89,93.65
2568,ส่วนภูมิภาค,สำนักบริหารพื้นที่อนุรักษ์ที่ 11 (พิษณุโลก),มกราคม,213,22,0,31,14,31,98.05
2568,ส่วนภูมิภาค,สำนักบริหารพื้นที่อนุรักษ์ที่ 11 (พิษณุโลก),กุมภาพันธ์,213,20,0,30,15,30,97.93
2568,ส่วนภูมิภาค,สำนักบริหารพื้นที่อนุรักษ์ที่ 11 (พิษณุโลก),มีนาคม,213,21,0,32,13,32,97.9
2568,ส่วนภูมิภาค,สำนักบริหารพื้นที่อนุรักษ์ที่ 11 (พิษณุโลก),เมษายน,213,18,0,23,14,9.5,99.27
2568,ส่วนภูมิภาค,สำนักบริหารพื้นที่อนุรักษ์ที่ 11 (พิษณุโลก),พฤษภาคม,213,20,0,32,12,32,97.79
2568,ส่วนภูมิภาค,สำนักบริหารพื้นที่อนุรักษ์ที่ 11 (พิษณุโลก),มิถุนายน,213,20,0,30,11,28,98.07
2568,ส่วนภูมิภาค,สำนักบริหารพื้นที่อนุรักษ์ที่ 11 (พิษณุโลก),กรกฎาคม,213,20,0,34,12,0,100
2568,ส่วนภูมิภาค,สำนักบริหารพื้นที่อนุรักษ์ที่ 11 (พิษณุโลก),สิงหาคม,213,21,0,33,14,33,97.83
2568,ส่วนภูมิภาค,สำนักบริหารพื้นที่อนุรักษ์ที่ 11 (พิษณุโลก),กันยายน,213,22,0,32,13,18,98.87
2568,ส่วนภูมิภาค,สำนักบริหารพื้นที่อนุรักษ์ที่ 11 (พิษณุโลก),ตุลาคม,213,21,0,30,12,30,98.03
2568,ส่วนภูมิภาค,สำนักบริหารพื้นที่อนุรักษ์ที่ 11 (พิษณุโลก),พฤศจิกายน,213,20,0,33,13,33,97.72
2568,ส่วนภูมิภาค,สำนักบริหารพื้นที่อนุรักษ์ที่ 11 (พิษณุโลก),ธันวาคม,213,20,0,33,14,33,97.72
2568,ส่วนภูมิภาค,สำนักบริหารพื้นที่อนุรักษ์ที่ 12 (นครสวรรค์),มกราคม,170,22,0,23,9,5,99.61
2568,ส่วนภูมิภาค,สำนักบริหารพื้นที่อนุรักษ์ที่ 12 (นครสวรรค์),กุมภาพันธ์,170,20,0,20,11,4,99.65
2568,ส่วนภูมิภาค,สำนักบริหารพื้นที่อนุรักษ์ที่ 12 (นครสวรรค์),มีนาคม,170,21,0,16,15,2,99.84
2568,ส่วนภูมิภาค,สำนักบริหารพื้นที่อนุรักษ์ที่ 12 (นครสวรรค์),เมษายน,170,18,0,30,8,4,99.62
2568,ส่วนภูมิภาค,สำนักบริหารพื้นที่อนุรักษ์ที่ 12 (นครสวรรค์),พฤษภาคม,170,20,0,24,12,3,99.74
2568,ส่วนภูมิภาค,สำนักบริหารพื้นที่อนุรักษ์ที่ 12 (นครสวรรค์),มิถุนายน,170,20,0,26,13,4,99.65
2568,ส่วนภูมิภาค,สำนักบริหารพื้นที่อนุรักษ์ที่ 12 (นครสวรรค์),กรกฎาคม,170,20,0,25,14,4,99.65
2568,ส่วนภูมิภาค,สำนักบริหารพื้นที่อนุรักษ์ที่ 12 (นครสวรรค์),สิงหาคม,170,21,0,25,14,4,99.67
2568,ส่วนภูมิภาค,สำนักบริหารพื้นที่อนุรักษ์ที่ 12 (นครสวรรค์),กันยายน,170,22,0,23,10,3,99.76
2568,ส่วนภูมิภาค,สำนักบริหารพื้นที่อนุรักษ์ที่ 12 (นครสวรรค์),ตุลาคม,170,21,0,20,10,2,99.84
2568,ส่วนภูมิภาค,สำนักบริหารพื้นที่อนุรักษ์ที่ 12 (นครสวรรค์),พฤศจิกายน,170,20,0,20,9,2,99.83
2568,ส่วนภูมิภาค,สำนักบริหารพื้นที่อนุรักษ์ที่ 12 (นครสวรรค์),ธันวาคม,170,20,0,20,9,2,99.83
2568,ส่วนภูมิภาค,สำนักบริหารพื้นที่อนุรักษ์ที่ 14 (ตาก),มกราคม,219,22,0,87,13,2,99.88
2568,ส่วนภูมิภาค,สำนักบริหารพื้นที่อนุรักษ์ที่ 14 (ตาก),กุมภาพันธ์,219,20,0,104.84,15,2.4,99.84
2568,ส่วนภูมิภาค,สำนักบริหารพื้นที่อนุรักษ์ที่ 14 (ตาก),มีนาคม,219,21,0,87.7,20,1.5,99.9
2568,ส่วนภูมิภาค,สำนักบริหารพื้นที่อนุรักษ์ที่ 14 (ตาก),เมษายน,219,18,0,61.89,10,1.25,99.91
2568,ส่วนภูมิภาค,สำนักบริหารพื้นที่อนุรักษ์ที่ 14 (ตาก),พฤษภาคม,219,20,0,70,15,1.6,99.89
2568,ส่วนภูมิภาค,สำนักบริหารพื้นที่อนุรักษ์ที่ 14 (ตาก),มิถุนายน,219,20,0,81.36,19,2.6,99.83
2568,ส่วนภูมิภาค,สำนักบริหารพื้นที่อนุรักษ์ที่ 14 (ตาก),กรกฎาคม,219,20,0,76.21,17,1.7,99.89
2568,ส่วนภูมิภาค,สำนักบริหารพื้นที่อนุรักษ์ที่ 14 (ตาก),สิงหาคม,219,21,0,72.15,16,1.9,99.88
2568,ส่วนภูมิภาค,สำนักบริหารพื้นที่อนุรักษ์ที่ 14 (ตาก),กันยายน,219,22,0,69.21,15,1.2,99.93
2568,ส่วนภูมิภาค,สำนักบริหารพื้นที่อนุรักษ์ที่ 14 (ตาก),ตุลาคม,219,21,0,65,17,1.3,99.92
2568,ส่วนภูมิภาค,สำนักบริหารพื้นที่อนุรักษ์ที่ 14 (ตาก),พฤศจิกายน,219,20,0,60,12,1,99.93
2568,ส่วนภูมิภาค,สำนักบริหารพื้นที่อนุรักษ์ที่ 14 (ตาก),ธันวาคม,219,20,0,59.41,11,1,99.93
2568,ส่วนภูมิภาค,สำนักบริหารพื้นที่อนุรักษ์ที่ 15 (เชียงราย),มกราคม,252,22,0,96.99,39.32,57.67,96.94
2568,ส่วนภูมิภาค,สำนักบริหารพื้นที่อนุรักษ์ที่ 15 (เชียงราย),กุมภาพันธ์,252,20,0,79.44,33.84,45.6,97.34
2568,ส่วนภูมิภาค,สำนักบริหารพื้นที่อนุรักษ์ที่ 15 (เชียงราย),มีนาคม,253,21,0,63.2,27.26,35.94,97.91
2568,ส่วนภูมิภาค,สำนักบริหารพื้นที่อนุรักษ์ที่ 15 (เชียงราย),เมษายน,257,18,0,51.76,24.63,27.09,98.28
2568,ส่วนภูมิภาค,สำนักบริหารพื้นที่อนุรักษ์ที่ 15 (เชียงราย),พฤษภาคม,256,20,0,51.3,24.48,26.82,98.46
2568,ส่วนภูมิภาค,สำนักบริหารพื้นที่อนุรักษ์ที่ 15 (เชียงราย),มิถุนายน,258,20,0,39,17,22,98.75
2568,ส่วนภูมิภาค,สำนักบริหารพื้นที่อนุรักษ์ที่ 15 (เชียงราย),กรกฎาคม,258,20,0,42,20,25,98.58
2568,ส่วนภูมิภาค,สำนักบริหารพื้นที่อนุรักษ์ที่ 15 (เชียงราย),สิงหาคม,258,21,0,57,21,20,98.91
2568,ส่วนภูมิภาค,สำนักบริหารพื้นที่อนุรักษ์ที่ 15 (เชียงราย),กันยายน,258,22,0,63,26,19,99.02
2568,ส่วนภูมิภาค,สำนักบริหารพื้นที่อนุรักษ์ที่ 15 (เชียงราย),ตุลาคม,258,21,0,78,29,19,98.97
2568,ส่วนภูมิภาค,สำนักบริหารพื้นที่อนุรักษ์ที่ 15 (เชียงราย),พฤศจิกายน,258,20,0,98,30,21,98.8
2568,ส่วนภูมิภาค,สำนักบริหารพื้นที่อนุรักษ์ที่ 15 (เชียงราย),ธันวาคม,262,20,0,122.88,49.22,53.66,96.99
2568,ส่วนภูมิภาค,สำนักบริหารพื้นที่อนุรักษ์ที่ 16 (เชียงใหม่),มกราคม,64,22,0,117.5,30,23,95.2
2568,ส่วนภูมิภาค,สำนักบริหารพื้นที่อนุรักษ์ที่ 16 (เชียงใหม่),กุมภาพันธ์,64,20,0,144.8,28.6,25,94.26
2568,ส่วนภูมิภาค,สำนักบริหารพื้นที่อนุรักษ์ที่ 16 (เชียงใหม่),มีนาคม,64,21,0,131.7,31.6,32,92.65
2568,ส่วนภูมิภาค,สำนักบริหารพื้นที่อนุรักษ์ที่ 16 (เชียงใหม่),เมษายน,64,18,0,171.3,75,45,88.51
2568,ส่วนภูมิภาค,สำนักบริหารพื้นที่อนุรักษ์ที่ 16 (เชียงใหม่),พฤษภาคม,64,20,0,107.5,75,25,94.26
2568,ส่วนภูมิภาค,สำนักบริหารพื้นที่อนุรักษ์ที่ 16 (เชียงใหม่),มิถุนายน,63,20,0,167.4,76,32,92.53
2568,ส่วนภูมิภาค,สำนักบริหารพื้นที่อนุรักษ์ที่ 16 (เชียงใหม่),กรกฎาคม,63,20,0,158.32,75,30,93
2568,ส่วนภูมิภาค,สำนักบริหารพื้นที่อนุรักษ์ที่ 16 (เชียงใหม่),สิงหาคม,63,21,0,147.36,79,28,93.78
2568,ส่วนภูมิภาค,สำนักบริหารพื้นที่อนุรักษ์ที่ 16 (เชียงใหม่),กันยายน,63,22,0,156.32,81,29,93.85
2568,ส่วนภูมิภาค,สำนักบริหารพื้นที่อนุรักษ์ที่ 16 (เชียงใหม่),ตุลาคม,63,21,0,142.11,89,27,94
2568,ส่วนภูมิภาค,สำนักบริหารพื้นที่อนุรักษ์ที่ 16 (เชียงใหม่),พฤศจิกายน,63,20,0,132.36,79,25,94.16
2568,ส่วนภูมิภาค,สำนักบริหารพื้นที่อนุรักษ์ที่ 16 (เชียงใหม่),ธันวาคม,63,20,0,127.44,80,22,94.86
2568,ส่วนภูมิภาค,สำนักบริหารพื้นที่อนุรักษ์ที่ 1 (สาขาสระบุรี),มกราคม,94,22,0,87,13,74,89.48
2568,ส่วนภูมิภาค,สำนักบริหารพื้นที่อนุรักษ์ที่ 1 (สาขาสระบุรี),กุมภาพันธ์,93,20,0,104.84,32.7,72.1,88.6
2568,ส่วนภูมิภาค,สำนักบริหารพื้นที่อนุรักษ์ที่ 1 (สาขาสระบุรี),มีนาคม,93,21,0,87.7,24.3,15.2,97.71
2568,ส่วนภูมิภาค,สำนักบริหารพื้นที่อนุรักษ์ที่ 1 (สาขาสระบุรี),เมษายน,93,18,0,61.89,21.16,40.73,92.84
2568,ส่วนภูมิภาค,สำนักบริหารพื้นที่อนุรักษ์ที่ 1 (สาขาสระบุรี),พฤษภาคม,94,20,0,110.25,43.12,64.22,89.95
2568,ส่วนภูมิภาค,สำนักบริหารพื้นที่อนุรักษ์ที่ 1 (สาขาสระบุรี),มิถุนายน,93,20,0,82.52,31.96,66.79,89.44
2568,ส่วนภูมิภาค,สำนักบริหารพื้นที่อนุรักษ์ที่ 1 (สาขาสระบุรี),กรกฎาคม,97,20,0,105.63,37.47,68.13,90.16
2568,ส่วนภูมิภาค,สำนักบริหารพื้นที่อนุรักษ์ที่ 1 (สาขาสระบุรี),สิงหาคม,98,21,0,67.57,33.12,23.1,96.7
2568,ส่วนภูมิภาค,สำนักบริหารพื้นที่อนุรักษ์ที่ 1 (สาขาสระบุรี),กันยายน,97,22,0,47.66,27.08,12.75,98.24
2568,ส่วนภูมิภาค,สำนักบริหารพื้นที่อนุรักษ์ที่ 1 (สาขาสระบุรี),ตุลาคม,97,21,0,59.61,38.95,19.92,97.12
2568,ส่วนภูมิภาค,สำนักบริหารพื้นที่อนุรักษ์ที่ 1 (สาขาสระบุรี),พฤศจิกายน,97,20,0,42.6,32.61,11.99,98.18
2568,ส่วนภูมิภาค,สำนักบริหารพื้นที่อนุรักษ์ที่ 1 (สาขาสระบุรี),ธันวาคม,97,20,0,40.11,30.64,10.75,98.37
2568,ส่วนภูมิภาค,สำนักบริหารพื้นที่อนุรักษ์ที่ 3 (สาขาเพชรบุรี),มกราคม,15,22,0,28,15,27,75.94
2568,ส่วนภูมิภาค,สำนักบริหารพื้นที่อนุรักษ์ที่ 3 (สาขาเพชรบุรี),กุมภาพันธ์,15,20,0,26,14,26,74.51
2568,ส่วนภูมิภาค,สำนักบริหารพื้นที่อนุรักษ์ที่ 3 (สาขาเพชรบุรี),มีนาคม,15,21,0,26,15,27,73.53
2568,ส่วนภูมิภาค,สำนักบริหารพื้นที่อนุรักษ์ที่ 3 (สาขาเพชรบุรี),เมษายน,14,18,0,23,13,25,70.82
2568,ส่วนภูมิภาค,สำนักบริหารพื้นที่อนุรักษ์ที่ 3 (สาขาเพชรบุรี),พฤษภาคม,14,20,0,28,15,27,71.64
2568,ส่วนภูมิภาค,สำนักบริหารพื้นที่อนุรักษ์ที่ 3 (สาขาเพชรบุรี),มิถุนายน,14,20,0,28,15,27,71.64
2568,ส่วนภูมิภาค,สำนักบริหารพื้นที่อนุรักษ์ที่ 3 (สาขาเพชรบุรี),กรกฎาคม,15,20,0,28,15,29,71.57
2568,ส่วนภูมิภาค,สำนักบริหารพื้นที่อนุรักษ์ที่ 3 (สาขาเพชรบุรี),สิงหาคม,15,21,0,28,15,29,72.92
2568,ส่วนภูมิภาค,สำนักบริหารพื้นที่อนุรักษ์ที่ 3 (สาขาเพชรบุรี),กันยายน,17,22,0,19,4.3,3.3,97.28
2568,ส่วนภูมิภาค,สำนักบริหารพื้นที่อนุรักษ์ที่ 3 (สาขาเพชรบุรี),ตุลาคม,17,21,0,16,5.5,6,95.06
2568,ส่วนภูมิภาค,สำนักบริหารพื้นที่อนุรักษ์ที่ 3 (สาขาเพชรบุรี),พฤศจิกายน,17,20,0,15,4.5,5,95.88
2568,ส่วนภูมิภาค,สำนักบริหารพื้นที่อนุรักษ์ที่ 3 (สาขาเพชรบุรี),ธันวาคม,17,20,0,16,6,10,90.36
2568,ส่วนภูมิภาค,สำนักบริหารพื้นที่อนุรักษ์ที่ 6 (สาขาปัตตานี),มกราคม,566,22,0,1345.54,813.35,335.11,92.08
2568,ส่วนภูมิภาค,สำนักบริหารพื้นที่อนุรักษ์ที่ 6 (สาขาปัตตานี),กุมภาพันธ์,560,20,0,1399.47,530.15,530.15,89.54
2568,ส่วนภูมิภาค,สำนักบริหารพื้นที่อนุรักษ์ที่ 6 (สาขาปัตตานี),มีนาคม,560,21,0,1319.78,701.76,408.02,89.29
2568,ส่วนภูมิภาค,สำนักบริหารพื้นที่อนุรักษ์ที่ 6 (สาขาปัตตานี),เมษายน,426,18,0,1311,670.3,256.5,30.16
2568,ส่วนภูมิภาค,สำนักบริหารพื้นที่อนุรักษ์ที่ 6 (สาขาปัตตานี),พฤษภาคม,254,20,0,615.7,273.1,351.6,79.64
2568,ส่วนภูมิภาค,สำนักบริหารพื้นที่อนุรักษ์ที่ 6 (สาขาปัตตานี),มิถุนายน,483,20,0,715.23,225,322,90.2
2568,ส่วนภูมิภาค,สำนักบริหารพื้นที่อนุรักษ์ที่ 6 (สาขาปัตตานี),กรกฎาคม,498,20,0,1371,747.6,543.62,83.95
2568,ส่วนภูมิภาค,สำนักบริหารพื้นที่อนุรักษ์ที่ 6 (สาขาปัตตานี),สิงหาคม,480,21,0,1102,255,365.55,89.6
2568,ส่วนภูมิภาค,สำนักบริหารพื้นที่อนุรักษ์ที่ 6 (สาขาปัตตานี),กันยายน,483,22,0,1265,495,712.98,78.29
2568,ส่วนภูมิภาค,สำนักบริหารพื้นที่อนุรักษ์ที่ 6 (สาขาปัตตานี),ตุลาคม,483,21,0,1328.27,585.65,531.42,85.93
2568,ส่วนภูมิภาค,สำนักบริหารพื้นที่อนุรักษ์ที่ 6 (สาขาปัตตานี),พฤศจิกายน,466,20,0,991.5,584.34,315.52,90.04
2568,ส่วนภูมิภาค,สำนักบริหารพื้นที่อนุรักษ์ที่ 6 (สาขาปัตตานี),ธันวาคม,418,20,0,1068.61,528.31,302.7,90.74
